[
    {
        "key": 7,
        "drugName": "还有撒子药",
        "code": "20193jdqqe1dc",
        "expireDate": "20190908",
        "num": 10,
        "unit": "支",
        "price": 120.0,
        "fee": 1200.0,
        "position": "202-22",
        "remark": ""
    },
    {
        "key": 8,
        "drugName": "还有撒子药222",
        "code": "20193jdqqe1aee",
        "expireDate": "20170908",
        "num": 20,
        "unit": "盒",
        "price": 20.0,
        "fee": 400.0,
        "position": "202-23",
        "remark": ""

    }
  ]